insert into karton (id) values (1);
insert into karton (id) values (2);
insert into karton (id) values (3);

insert into pacijent (name, lastname, karton_id) values ('Petar', 'Petrovic', 1);
insert into pacijent (name, lastname, karton_id) values ('Srecko', 'Sreckovic', 2);
insert into pacijent (name, lastname, karton_id) values ('Marko', 'Markovic', 3);

insert into dijagnoza (name) values ('Essential tremor');
insert into dijagnoza (name) values ('Parkinson disease');
insert into dijagnoza (name) values ('Restless leg syndrome');
insert into dijagnoza (name) values ('Anxiety');
insert into dijagnoza (name) values ('Epilepsy');
insert into dijagnoza (name) values ('Alcohol abuse');
insert into dijagnoza (name) values ('Migraine');
insert into dijagnoza (name) values ('Developmental disability');
insert into dijagnoza (name) values ('Commom cold');
insert into dijagnoza (name) values ('Chronic sinusitis');
insert into dijagnoza (name) values ('Bruise');
insert into dijagnoza (name) values ('Alzheimer disease');
insert into dijagnoza (name) values ('Delirium');
insert into dijagnoza (name) values ('Depression');
insert into dijagnoza (name) values ('Dementia');

insert into simptom (name) values ('Seizure');
insert into simptom (name) values ('Abnormal involuntary movements');
insert into simptom (name) values ('Problems with movements');
insert into simptom (name) values ('Headache');
insert into simptom (name) values ('Dizziness');
insert into simptom (name) values ('Disturbance of memory');
insert into simptom (name) values ('Weakness');
insert into simptom (name) values ('Leg pain');
insert into simptom (name) values ('Sleepiness');
insert into simptom (name) values ('Apnea');
insert into simptom (name) values ('Depression');
insert into simptom (name) values ('Sharp chest pain');
insert into simptom (name) values ('Shortness of breath');
insert into simptom (name) values ('Insomnia');
insert into simptom (name) values ('Nervousness');

insert into test (name) values ('Radiographic imaging procedure');
insert into test (name) values ('Hematologic tests');
insert into test (name) values ('Complete blood count');
insert into test (name) values ('X ray');
insert into test (name) values ('Glucose measurement');
insert into test (name) values ('Intravenous fluid replacement');
insert into test (name) values ('Kidney function tests');
insert into test (name) values ('Magnetic resonance imaging');
insert into test (name) values ('Physical therapy exercises');
insert into test (name) values ('Ophthalmic examination and evaluation');
insert into test (name) values ('Depression screen');

insert into pregled(dijagnoza_id, karton_id) values (1, 1);
insert into pregled(dijagnoza_id, karton_id) values (2, 2);
insert into pregled(dijagnoza_id, karton_id) values (3, 3);
insert into pregled(dijagnoza_id, karton_id) values (4, 3);

insert into pregled_simptomi (pregled_id, simptom_id) values (1, 2);
insert into pregled_simptomi (pregled_id, simptom_id) values (1, 3);
insert into pregled_simptomi (pregled_id, simptom_id) values (1, 4);
insert into pregled_simptomi (pregled_id, simptom_id) values (1, 5);
insert into pregled_simptomi (pregled_id, simptom_id) values (1, 1);
insert into pregled_simptomi (pregled_id, simptom_id) values (2, 2);
insert into pregled_simptomi (pregled_id, simptom_id) values (2, 6);
insert into pregled_simptomi (pregled_id, simptom_id) values (2, 5);
insert into pregled_simptomi (pregled_id, simptom_id) values (2, 7);
insert into pregled_simptomi (pregled_id, simptom_id) values (2, 3);
insert into pregled_simptomi (pregled_id, simptom_id) values (3, 2);
insert into pregled_simptomi (pregled_id, simptom_id) values (3, 8);
insert into pregled_simptomi (pregled_id, simptom_id) values (3, 4);
insert into pregled_simptomi (pregled_id, simptom_id) values (3, 9);
insert into pregled_simptomi (pregled_id, simptom_id) values (3, 10);
insert into pregled_simptomi (pregled_id, simptom_id) values (4, 15);
insert into pregled_simptomi (pregled_id, simptom_id) values (4, 11);
insert into pregled_simptomi (pregled_id, simptom_id) values (4, 12);
insert into pregled_simptomi (pregled_id, simptom_id) values (4, 13);
insert into pregled_simptomi (pregled_id, simptom_id) values (4, 14);
insert into pregled_simptomi (pregled_id, simptom_id) values (4, 4);

insert into test_simptomi (testovi_id, simptomi_id) values (3, 1);
insert into test_simptomi (testovi_id, simptomi_id) values (3, 2);
insert into test_simptomi (testovi_id, simptomi_id) values (3, 3);
insert into test_simptomi (testovi_id, simptomi_id) values (3, 4);
insert into test_simptomi (testovi_id, simptomi_id) values (2, 2);
insert into test_simptomi (testovi_id, simptomi_id) values (2, 3);
insert into test_simptomi (testovi_id, simptomi_id) values (2, 5);
insert into test_simptomi (testovi_id, simptomi_id) values (2, 7);
insert into test_simptomi (testovi_id, simptomi_id) values (1, 2);
insert into test_simptomi (testovi_id, simptomi_id) values (1, 3);
insert into test_simptomi (testovi_id, simptomi_id) values (1, 5);
insert into test_simptomi (testovi_id, simptomi_id) values (1, 6);
insert into test_simptomi (testovi_id, simptomi_id) values (4, 1);
insert into test_simptomi (testovi_id, simptomi_id) values (4, 4);
insert into test_simptomi (testovi_id, simptomi_id) values (4, 6);
insert into test_simptomi (testovi_id, simptomi_id) values (4, 5);